City_ID,City,Country,Lat,Lng,Max Temp,Humidity,Cloudiness,Wind Speed,Current Description
0,Atuona,PF,-9.8,-139.0333,80.49,74,2,17.31,clear sky
1,Egvekinot,RU,66.3167,-179.1667,20.46,77,31,3.27,scattered clouds
2,Lasa,IT,46.6166,10.7002,37.4,70,0,2.3,clear sky
3,Ushuaia,AR,-54.8,-68.3,44.6,57,20,8.05,few clouds
4,Sola,VU,-13.8833,167.55,83.16,75,35,15.41,scattered clouds
5,Cape Town,ZA,-33.9258,18.4232,61.0,94,61,8.05,broken clouds
6,Pisco,PE,-13.7,-76.2167,69.8,78,0,26.46,clear sky
7,Cabo San Lucas,MX,22.8909,-109.9124,81.0,31,1,11.5,clear sky
8,Grand Gaube,MU,-20.0064,57.6608,75.99,85,98,5.99,overcast clouds
9,Port Lincoln,AU,-34.7333,135.8667,55.83,56,15,4.16,few clouds
10,Santa Maria,BR,-29.6842,-53.8069,69.8,64,0,5.75,clear sky
11,Rikitea,PF,-23.1203,-134.9692,77.76,72,33,4.74,scattered clouds
12,Mahebourg,MU,-20.4081,57.7,78.8,83,75,10.36,light rain
13,Dong Hoi,VN,17.4833,106.6,76.77,88,0,6.17,clear sky
14,Puerto Carreno,CO,6.189,-67.4859,90.5,34,82,1.05,broken clouds
15,Ballina,AU,-28.8667,153.5667,68.0,68,0,8.05,clear sky
16,Upernavik,GL,72.7868,-56.1549,7.5,84,97,5.01,overcast clouds
17,Hualmay,PE,-11.0964,-77.6139,68.83,83,7,11.9,clear sky
18,San Pedro,PH,14.35,121.0167,82.4,83,75,3.44,broken clouds
19,Hermanus,ZA,-34.4187,19.2345,60.01,88,100,1.99,overcast clouds
20,Los Llanos De Aridane,ES,28.6585,-17.9182,66.2,72,0,9.22,clear sky
21,Thompson,CA,55.7435,-97.8558,33.8,69,90,16.11,overcast clouds
22,Punta Arenas,CL,-53.15,-70.9167,44.6,61,0,11.5,clear sky
23,Ahipara,NZ,-35.1667,173.1667,67.21,79,18,5.64,few clouds
24,Yellowknife,CA,62.456,-114.3525,44.6,53,20,6.91,few clouds
25,Vestmanna,FO,62.1564,-7.1664,32.0,80,6,6.91,clear sky
26,Saskylakh,RU,71.9167,114.0833,-9.85,99,91,2.04,overcast clouds
27,Airai,TL,-8.9266,125.4092,61.97,80,90,0.31,overcast clouds
28,Ushtobe,KZ,45.2514,77.9838,33.15,67,100,22.64,overcast clouds
29,East London,ZA,-33.0153,27.9116,65.71,84,52,12.26,broken clouds
30,Hithadhoo,MV,-0.6,73.0833,82.08,68,60,6.58,broken clouds
31,High Rock,BS,26.6208,-78.2833,80.6,83,75,13.8,broken clouds
32,Yamada,JP,39.4667,141.95,51.85,40,0,6.04,clear sky
33,Sieradz,PL,51.5958,18.7302,46.0,83,79,6.69,broken clouds
34,Arraial Do Cabo,BR,-22.9661,-42.0278,73.4,83,20,14.97,few clouds
35,Bengkulu,ID,-3.8004,102.2655,75.4,89,49,4.12,scattered clouds
36,Bredasdorp,ZA,-34.5322,20.0403,53.6,94,100,3.8,overcast clouds
37,Vila Velha,BR,-20.3297,-40.2925,79.0,88,75,1.14,broken clouds
38,San Carlos De Bariloche,AR,-41.1456,-71.3082,55.4,58,20,5.75,few clouds
39,Kapaa,US,22.0752,-159.319,78.8,73,75,10.36,light rain
40,Fairbanks,US,64.8378,-147.7164,44.01,38,1,6.91,clear sky
41,Charters Towers,AU,-20.1,146.2667,72.64,85,98,8.48,overcast clouds
42,Hofn,IS,64.2539,-15.2082,36.66,45,12,9.62,few clouds
43,Qaqortoq,GL,60.7167,-46.0333,37.4,56,75,4.61,broken clouds
44,Biak,ID,-0.9131,122.8766,77.65,81,96,3.36,overcast clouds
45,Tiznit,MA,29.5833,-9.5,59.63,77,13,4.52,few clouds
46,Bluff,NZ,-46.6,168.3333,57.0,77,70,4.0,light rain
47,Yaring,TH,6.8662,101.3689,77.92,85,80,4.81,broken clouds
48,Keetmanshoop,NA,-26.5833,18.1333,69.8,24,2,10.36,clear sky
49,Gorontalo,ID,0.5412,123.0595,77.18,85,100,1.77,overcast clouds
50,Barrow,US,71.2906,-156.7887,19.4,68,1,16.11,clear sky
51,Bubaque,GW,11.2833,-15.8333,77.99,71,17,19.73,few clouds
52,Saint-Georges,GD,12.0564,-61.7485,80.6,74,75,13.8,broken clouds
53,Faanui,PF,-16.4833,-151.75,81.68,72,67,10.09,light rain
54,Dikson,RU,73.5069,80.5464,7.68,92,100,20.4,overcast clouds
55,Ostrovnoy,RU,68.0531,39.5131,35.13,66,0,19.08,clear sky
56,Qui Nhon,VN,13.7667,109.2333,76.57,92,100,3.91,light rain
57,Ixtapa,MX,20.7,-105.2,82.4,61,1,16.11,clear sky
58,Atambua,ID,-9.1061,124.8925,72.73,81,68,2.06,broken clouds
59,Khandagayty,RU,50.7333,92.05,24.51,57,100,6.78,overcast clouds
60,Tasiilaq,GL,65.6145,-37.6368,23.0,68,20,1.14,few clouds
61,Igrim,RU,63.1906,64.4162,30.81,96,96,2.48,overcast clouds
62,Albany,US,42.6001,-73.9662,53.01,50,97,1.99,overcast clouds
63,Naze,JP,28.3667,129.4833,68.0,73,75,18.41,broken clouds
64,Hobart,AU,-42.8794,147.3294,45.0,75,20,11.5,few clouds
65,Kazanskaya,RU,45.4106,40.4361,51.13,77,80,18.37,broken clouds
66,Codrington,AU,-38.2667,141.9667,51.35,61,100,8.21,overcast clouds
67,Qaanaaq,GL,77.484,-69.3632,-0.24,72,99,6.31,overcast clouds
68,Mataura,NZ,-46.1927,168.8643,57.0,77,13,4.0,light rain
69,Urumqi,CN,43.801,87.6005,55.4,47,0,6.71,clear sky
70,Victoria,HK,22.2855,114.1577,73.0,80,76,1.99,broken clouds
71,Harper,LR,4.375,-7.7169,81.37,80,79,7.63,broken clouds
72,Roma,US,43.2128,-75.4557,44.6,57,90,6.91,overcast clouds
73,Zhezkazgan,KZ,47.8043,67.7144,28.08,44,0,18.3,clear sky
74,Saint-Joseph,RE,-21.3667,55.6167,75.2,94,75,10.36,light rain
75,Inuvik,CA,68.3499,-133.7218,23.0,73,100,18.41,overcast clouds
76,Moranbah,AU,-22.0016,148.0466,68.97,83,100,1.72,overcast clouds
77,Sao Filipe,CV,14.8961,-24.4956,72.75,74,100,10.65,overcast clouds
78,Wilmington Island,US,32.0036,-80.9737,73.4,56,20,8.05,few clouds
79,Salalah,OM,17.0151,54.0924,82.4,69,0,4.61,clear sky
80,Broken Hill,AU,-31.95,141.4333,48.2,66,0,10.36,clear sky
81,Iwaki,JP,37.05,140.8833,60.01,38,0,4.0,clear sky
82,Christchurch,NZ,-43.5333,172.6333,59.0,77,20,12.66,few clouds
83,Minervino Murge,IT,41.0843,16.0784,46.0,87,41,5.75,scattered clouds
84,Chokurdakh,RU,70.6333,147.9167,23.76,95,100,4.27,overcast clouds
85,Evensk,RU,61.95,159.2333,31.17,81,95,13.13,overcast clouds
86,Caravelas,BR,-17.7125,-39.2481,73.89,90,98,0.4,overcast clouds
87,Busselton,AU,-33.65,115.3333,44.01,90,4,9.6,clear sky
88,Puerto Ayora,EC,-0.7393,-90.3518,82.4,74,20,14.97,few clouds
89,Sinnamary,GF,5.3833,-52.95,74.84,92,100,11.81,overcast clouds
90,Hobyo,SO,5.3505,48.5268,83.43,71,94,9.51,overcast clouds
91,Bowen,AU,-20.0167,148.2333,75.2,78,99,4.61,overcast clouds
92,Sabang,ID,5.8933,95.3214,83.64,71,84,11.74,broken clouds
93,Iqaluit,CA,63.7506,-68.5145,24.8,80,90,19.57,overcast clouds
94,Tuktoyaktuk,CA,69.4541,-133.0374,17.6,86,90,19.57,snow
95,Teguldet,RU,57.3064,88.1667,15.82,95,100,3.51,overcast clouds
96,Morondava,MG,-20.2833,44.2833,77.14,67,70,6.51,broken clouds
97,Orimattila,FI,60.8049,25.7296,41.0,59,59,1.01,broken clouds
98,Kaitangata,NZ,-46.2817,169.8464,58.66,57,8,4.34,clear sky
99,Avera,US,33.194,-82.5271,73.4,56,1,5.75,clear sky
100,New Norfolk,AU,-42.7826,147.0587,45.0,73,12,1.99,few clouds
101,Port Hardy,CA,50.6996,-127.4199,53.6,76,40,10.36,scattered clouds
102,Cidreira,BR,-30.1811,-50.2056,69.64,76,25,16.98,scattered clouds
103,Cherskiy,RU,68.75,161.3,35.04,76,44,22.86,scattered clouds
104,Netarhat,IN,23.4833,84.2667,71.24,25,32,6.49,scattered clouds
105,Araguaina,BR,-7.1911,-48.2072,72.91,94,76,3.29,broken clouds
106,Butaritari,KI,3.0707,172.7902,82.0,76,92,18.19,overcast clouds
107,Hearst,CA,49.6835,-83.6665,17.6,67,100,8.05,overcast clouds
108,Saldanha,ZA,-33.0117,17.9442,60.8,72,83,6.91,broken clouds
109,Mbour,SN,14.422,-16.9638,68.0,88,0,13.8,clear sky
110,Ewo,CG,-0.8725,14.8206,72.99,93,92,3.22,overcast clouds
111,Hilo,US,19.7297,-155.09,84.2,51,1,13.8,clear sky
112,Hamilton,US,39.1834,-84.5333,57.2,67,90,13.8,moderate rain
113,Guanhaes,BR,-18.775,-42.9325,66.06,78,93,3.49,overcast clouds
114,Saint George,US,37.1041,-113.5841,79.0,11,1,6.91,clear sky
115,Mangochi,MW,-14.4782,35.2645,66.67,90,100,7.02,overcast clouds
116,Hals,DK,56.9961,10.3081,45.0,87,40,9.22,scattered clouds
117,College,US,64.8569,-147.8028,42.8,36,20,6.91,few clouds
118,Olmos,PE,-5.9847,-79.7453,81.77,50,43,7.94,scattered clouds
119,Ilulissat,GL,69.2167,-51.1,17.6,67,39,8.05,scattered clouds
120,Mar Del Plata,AR,-38.0023,-57.5575,68.0,88,20,12.66,few clouds
121,Balkanabat,TM,39.5108,54.3671,74.75,33,100,20.6,overcast clouds
122,Mogadishu,SO,2.0371,45.3438,82.53,74,78,12.17,light rain
123,Kodiak,US,57.79,-152.4072,44.6,81,90,9.22,haze
124,Paita,PE,-5.0892,-81.1144,71.85,73,79,17.63,broken clouds
125,Tazovskiy,RU,67.4667,78.7,-10.03,100,70,3.74,broken clouds
126,Vanavara,RU,60.34,102.2797,11.75,86,100,6.91,overcast clouds
127,Khatanga,RU,71.9667,102.5,-6.3,99,100,2.84,overcast clouds
128,Vaini,TO,-21.2,-175.2,84.2,74,20,6.91,few clouds
129,Bafq,IR,31.6128,55.4107,72.03,23,3,0.25,clear sky
130,Acapulco,MX,16.8634,-99.8901,86.0,62,40,10.36,scattered clouds
131,Kryvyy Rih,UA,47.9167,33.35,42.8,87,0,6.71,clear sky
132,Bethel,US,41.3712,-73.414,73.4,27,1,10.36,clear sky
133,Eregli,TR,37.5133,34.0467,54.73,45,89,3.71,overcast clouds
134,Talnakh,RU,69.4865,88.3972,-9.09,86,81,1.97,broken clouds
135,Dovolnoye,RU,54.4958,79.6671,27.16,61,100,16.4,overcast clouds
136,Waddan,LY,29.1614,16.139,63.23,38,91,18.39,overcast clouds
137,Pokhara,NP,28.2333,83.9833,73.83,16,100,6.4,overcast clouds
138,Sai Buri,TH,6.7013,101.6168,77.63,84,92,4.12,overcast clouds
139,Kruisfontein,ZA,-34.0033,24.7314,61.0,91,20,3.83,few clouds
140,Xining,CN,36.6167,101.7667,45.45,54,94,1.59,overcast clouds
141,Tiksi,RU,71.6872,128.8694,11.95,94,100,11.18,light snow
142,Sitka,US,57.0531,-135.33,48.2,71,40,9.22,scattered clouds
143,Panzhihua,CN,26.5851,101.7128,59.38,44,0,2.84,clear sky
144,Najran,SA,17.4924,44.1277,71.6,21,0,3.04,clear sky
145,Bharatpur,IN,27.2167,77.4833,75.97,38,2,4.05,clear sky
146,Georgetown,MY,5.4112,100.3354,81.0,89,20,3.44,few clouds
147,Kahului,US,20.8947,-156.47,82.4,57,40,9.22,scattered clouds
148,Gat,IL,31.61,34.7642,64.99,100,1,4.54,clear sky
149,Khairpur,PK,27.5295,68.7617,73.4,60,40,4.61,haze
150,Hasaki,JP,35.7333,140.8333,62.01,67,20,13.8,few clouds
151,Esperance,AU,-33.8667,121.9,51.8,100,40,5.75,scattered clouds
152,Polyarnyy,RU,69.1989,33.4478,41.0,56,0,6.71,clear sky
153,Vila Franca Do Campo,PT,37.7167,-25.4333,62.6,94,75,10.36,broken clouds
154,Kloulklubed,PW,7.0419,134.2556,77.0,94,75,2.84,broken clouds
155,Sao Joao Da Barra,BR,-21.6403,-41.0511,72.75,73,54,14.76,broken clouds
156,Puerto Colombia,CO,10.9878,-74.9547,86.0,70,20,12.66,few clouds
157,Torbay,CA,47.6666,-52.7314,37.99,100,90,20.71,overcast clouds
158,Ribeira Grande,PT,38.5167,-28.7,62.44,91,100,13.33,overcast clouds
159,La Ronge,CA,55.1001,-105.2842,46.4,25,75,6.91,broken clouds
160,Clyde River,CA,70.4692,-68.5914,5.0,85,20,4.61,few clouds
161,Jining,CN,35.405,116.5814,50.0,82,100,10.67,light rain
162,Shingu,JP,33.7333,135.9833,60.8,44,0,4.61,clear sky
163,Hovd,MN,48.0056,91.6419,37.33,65,31,4.34,scattered clouds
164,Makakilo City,US,21.3469,-158.0858,82.4,61,1,10.36,light rain
165,Wajima,JP,37.4,136.9,53.01,50,0,5.19,clear sky
166,Domanivka,UA,47.6319,30.9885,43.99,80,69,7.11,broken clouds
167,Chicama,PE,-7.8447,-79.1469,68.0,83,20,10.36,fog
168,Avarua,CK,-21.2078,-159.775,82.4,65,40,11.5,light rain
169,Saint-Philippe,RE,-21.3585,55.7679,75.2,94,75,10.36,moderate rain
170,Alpinopolis,BR,-20.8636,-46.3881,63.1,73,21,4.34,few clouds
171,Veseloyarsk,RU,51.2836,81.1056,23.45,51,0,7.31,clear sky
172,Chuy,UY,-33.6971,-53.4616,65.08,78,4,9.44,clear sky
173,Yaan,NG,7.3833,8.5667,82.27,66,95,11.5,overcast clouds
174,Aklavik,CA,68.2191,-135.0107,21.2,73,90,17.27,snow
175,Keta,GH,5.9179,0.9879,82.4,83,20,8.05,few clouds
176,Azare,NG,11.6765,10.1948,87.08,16,68,7.94,broken clouds
177,Cukai,MY,4.25,103.4167,77.0,94,94,2.3,overcast clouds
178,Barpali,IN,21.2,83.5833,83.01,46,2,4.63,clear sky
179,Horodnytsya,UA,50.807,27.3168,41.14,89,68,4.05,broken clouds
180,Munxar,MT,36.0307,14.2348,57.0,88,0,8.05,clear sky
181,Kongolo,CD,-5.3833,27.0,69.89,96,100,1.63,light rain
182,Boyuibe,BO,-20.4167,-63.2833,78.8,73,75,6.42,broken clouds
183,Reinosa,ES,42.9996,-4.138,55.4,94,75,1.14,broken clouds
184,Castro,BR,-24.7911,-50.0119,56.84,93,41,5.61,scattered clouds
185,Atasu,KZ,48.6814,71.6433,24.19,41,0,13.18,clear sky
186,Charsadda,PK,34.1435,71.7317,62.6,72,40,4.61,haze
187,Bumba,CD,2.1833,22.4667,69.55,94,89,2.82,overcast clouds
188,Lata,PT,40.1629,-8.3327,55.0,89,70,1.99,broken clouds
189,Zhigansk,RU,66.7697,123.3711,4.96,94,82,5.08,broken clouds
190,Tuatapere,NZ,-46.1333,167.6833,57.0,77,99,4.0,light rain
191,Fort Nelson,CA,58.8053,-122.7002,66.2,18,40,14.97,scattered clouds
192,Moose Factory,CA,51.2585,-80.6094,17.6,86,90,16.11,snow
193,Loralai,PK,30.3705,68.598,56.01,70,34,3.8,scattered clouds
194,Nhulunbuy,AU,-12.2333,136.7667,78.8,94,97,8.97,light rain
195,Samarai,PG,-10.6167,150.6667,83.82,74,56,10.51,broken clouds
196,Kapit,MY,2.0167,112.9333,71.55,98,96,0.98,overcast clouds
197,Kaeo,NZ,-35.1,173.7833,66.0,96,29,3.0,scattered clouds
198,Thayetmyo,MM,19.3167,95.1833,81.55,61,0,3.76,clear sky
199,Bayanday,RU,53.0661,105.5139,22.95,75,100,13.13,overcast clouds
200,Saquena,PE,-4.6667,-73.5167,73.67,98,78,3.2,broken clouds
201,Padang,ID,-0.9492,100.3543,75.2,100,40,2.3,scattered clouds
202,Jamestown,US,42.097,-79.2353,37.99,69,90,6.91,overcast clouds
203,Bathsheba,BB,13.2167,-59.5167,80.6,57,40,17.27,scattered clouds
204,Upington,ZA,-28.4478,21.2561,68.0,32,11,5.75,few clouds
205,Sorland,NO,67.667,12.6934,40.8,84,100,22.88,overcast clouds
206,Matara,LK,5.9485,80.5353,76.6,90,93,5.95,heavy intensity rain
207,Balikpapan,ID,-1.2675,116.8289,76.01,88,100,6.13,overcast clouds
208,Port Alfred,ZA,-33.5906,26.891,67.59,81,90,16.04,overcast clouds
209,Ancud,CL,-41.8697,-73.8203,50.0,100,90,3.44,moderate rain
210,Capoterra,IT,39.1763,8.9718,55.0,93,0,3.44,clear sky
211,Kurumkan,RU,54.3,110.3,33.28,77,100,3.53,light snow
212,Soyo,AO,-6.1349,12.3689,78.62,86,100,6.76,light rain
213,Atlantic Beach,US,30.3344,-81.3987,75.2,73,75,9.22,broken clouds
214,Ndele,CF,8.4109,20.6473,77.94,65,100,9.64,overcast clouds
215,Haines Junction,CA,60.7522,-137.5108,50.0,40,55,10.36,broken clouds
216,Mansehra,PK,34.3333,73.2,53.15,85,100,2.82,overcast clouds
217,Carballo,ES,43.213,-8.691,48.99,93,55,1.99,broken clouds
218,Lebu,CL,-37.6167,-73.65,55.42,95,100,7.31,overcast clouds
219,Laguna,US,38.421,-121.4238,75.99,35,1,13.8,clear sky
220,Nikolskoye,RU,59.7035,30.7861,42.01,52,0,8.95,clear sky
221,Kushima,JP,31.4583,131.2333,55.4,71,20,9.22,few clouds
222,Provideniya,RU,64.3833,-173.3,28.4,59,0,3.04,clear sky
223,Honningsvag,NO,70.9821,25.9704,41.16,81,7,20.6,clear sky
224,Yeppoon,AU,-23.1333,150.7333,73.4,68,90,3.02,overcast clouds
225,Quelimane,MZ,-17.8786,36.8883,73.4,88,40,4.61,scattered clouds
226,Waipawa,NZ,-41.4122,175.5153,64.99,88,20,10.36,few clouds
227,San Patricio,US,28.017,-97.5169,80.6,50,1,18.41,clear sky
228,Henties Bay,NA,-22.116,14.2845,79.0,43,79,1.01,broken clouds
229,Dharmanagar,IN,24.3667,92.1667,70.68,78,4,2.37,clear sky
230,Emerald,AU,-23.5333,148.1667,75.99,68,77,8.05,broken clouds
231,Verkhnyaya Inta,RU,65.9811,60.3094,28.6,97,40,10.22,scattered clouds
232,Krasnoselkup,RU,65.7,82.4667,-8.1,97,15,7.9,few clouds
233,Preobrazheniye,RU,42.9019,133.9064,48.2,39,37,6.33,scattered clouds
234,High Level,CA,58.5169,-117.136,57.2,33,1,8.05,clear sky
235,Fortuna,US,40.5982,-124.1573,55.0,93,90,14.97,overcast clouds
236,Kasongo,CD,-4.45,26.6667,68.9,98,100,1.07,light rain
237,Pevek,RU,69.7008,170.3133,29.44,67,20,20.47,few clouds
238,Sambava,MG,-14.2667,50.1667,74.57,93,100,11.97,moderate rain
239,Muzhi,RU,65.3667,64.6667,26.73,89,50,6.64,scattered clouds
240,Tandil,AR,-37.3217,-59.1332,64.99,81,4,1.99,clear sky
241,Coquimbo,CL,-29.9533,-71.3436,62.6,67,40,10.36,scattered clouds
242,Mikkeli,FI,61.6886,27.2723,34.0,80,0,4.68,clear sky
243,Mbarara,UG,-0.608,30.65,59.29,92,100,1.88,overcast clouds
244,Ola,RU,59.5833,151.2833,34.32,83,99,23.42,overcast clouds
245,Srednekolymsk,RU,67.45,153.6833,35.31,96,9,9.51,clear sky
246,Imbituba,BR,-28.24,-48.6703,68.0,88,75,11.5,light rain
247,Tashtyp,RU,52.7939,89.8983,19.94,73,30,1.36,scattered clouds
248,Union,US,40.6334,-74.2663,75.2,23,1,5.75,clear sky
249,Kutum,SD,14.2,24.6667,76.91,9,2,10.94,clear sky
250,Flinders,AU,-34.5833,150.8552,63.0,56,22,4.0,few clouds
251,Lakeland Highlands,US,27.9597,-81.9501,80.01,83,75,6.91,broken clouds
252,Barranca,PE,-10.75,-77.7667,68.31,82,11,9.13,few clouds
253,Carutapera,BR,-1.195,-46.02,75.45,89,99,4.76,moderate rain
254,Carbonia,IT,39.1672,8.5222,54.0,93,0,3.44,clear sky
255,Lorengau,PG,-2.0226,147.2712,83.77,78,100,10.36,overcast clouds
256,Nanortalik,GL,60.1432,-45.2371,35.04,77,100,6.29,overcast clouds
257,Mareeba,AU,-17.0,145.4333,73.99,100,90,3.44,light rain
258,Sisimiut,GL,66.9395,-53.6735,22.15,71,1,4.92,clear sky
259,Souillac,MU,-20.5167,57.5167,78.8,83,75,10.36,broken clouds
260,Port Elizabeth,ZA,-33.918,25.5701,62.6,94,0,10.36,clear sky
261,Nioro,GM,13.35,-15.75,84.2,25,10,11.05,clear sky
262,Bulawayo,ZW,-20.15,28.5833,54.21,65,0,11.92,clear sky
263,Mindelo,CV,16.8901,-24.9804,71.6,60,75,27.63,broken clouds
264,Chapada Dos Guimaraes,BR,-15.4606,-55.7497,86.0,58,40,4.61,scattered clouds
265,Okato,NZ,-39.2,173.8833,64.0,94,59,3.51,broken clouds
266,Brenham,US,30.1669,-96.3977,77.0,47,40,19.57,scattered clouds
267,Itarare,BR,-24.1125,-49.3317,60.66,84,15,9.66,few clouds
268,Manchester,GB,53.4809,-2.2374,50.0,62,99,3.44,overcast clouds
269,Katsuura,JP,35.1333,140.3,66.0,33,20,3.0,few clouds
270,Guider,CM,9.9342,13.9486,90.54,13,79,4.29,broken clouds
271,Nuuk,GL,64.1835,-51.7216,30.2,93,90,10.36,overcast clouds
272,Asau,RO,46.4333,26.4,43.0,60,89,4.43,overcast clouds
273,Magdagachi,RU,53.45,125.8,34.11,46,4,9.98,clear sky
274,Hambantota,LK,6.1241,81.1185,77.79,86,56,8.72,broken clouds
275,Geraldton,AU,-28.7667,114.6,64.4,63,0,16.11,clear sky
276,Klaksvik,FO,62.2266,-6.589,32.0,80,6,6.91,clear sky
277,Iranshahr,IR,27.2025,60.6848,76.86,16,0,1.63,clear sky
278,Jaicos,BR,-7.3592,-41.1378,77.45,68,94,2.1,overcast clouds
279,Lompoc,US,34.6391,-120.4579,55.4,71,50,12.66,scattered clouds
280,Abu Dhabi,AE,24.4667,54.3667,77.0,69,0,8.59,clear sky
281,Shenjiamen,CN,29.9576,122.298,60.55,87,54,13.35,broken clouds
282,Gornopravdinsk,RU,60.05,69.9,23.79,95,15,5.26,few clouds
283,San Quintin,MX,30.4833,-115.95,64.63,65,20,13.91,few clouds
284,Sept-Iles,CA,50.2001,-66.3821,41.0,87,100,8.05,overcast clouds
285,Tortoli,IT,39.9256,9.6572,55.4,82,20,5.75,few clouds
286,Valdivia,CL,-39.8142,-73.2459,53.6,100,90,5.75,overcast clouds
287,Vestmannaeyjar,IS,63.4427,-20.2734,39.97,68,22,7.92,few clouds
288,Mporokoso,ZM,-9.3727,30.125,60.84,89,100,7.85,overcast clouds
289,Kodinsk,RU,58.6881,99.1844,11.88,97,98,2.24,overcast clouds
290,Ambilobe,MG,-13.2,49.05,71.22,97,94,4.36,moderate rain
291,Rabo De Peixe,PT,37.8,-25.5833,62.6,94,75,10.36,broken clouds
292,Sedona,US,34.8697,-111.761,77.0,9,1,21.85,clear sky
293,Wanning,CN,18.8003,110.3967,77.32,83,84,8.23,broken clouds
294,Merrill,US,45.1805,-89.6835,39.0,48,90,9.22,overcast clouds
295,Alice Springs,AU,-23.7,133.8833,53.6,47,0,3.44,clear sky
296,Valley City,US,46.9233,-98.0032,33.8,37,90,13.8,overcast clouds
297,Longyearbyen,SJ,78.2186,15.6401,26.6,68,75,6.91,broken clouds
298,Lavrentiya,RU,65.5833,-171.0,30.11,69,99,6.78,overcast clouds
299,Coihaique,CL,-45.5752,-72.0662,50.0,66,90,5.75,overcast clouds
300,Smithers,CA,54.7804,-127.1743,64.4,20,20,11.5,few clouds
301,Luan,CH,46.3592,6.9759,50.0,46,40,2.3,scattered clouds
302,Dolores,AR,-36.3132,-57.6792,64.54,82,9,12.73,clear sky
303,Mangrol,IN,21.1167,70.1167,79.54,82,100,11.1,overcast clouds
304,Gympie,AU,-26.1898,152.665,72.0,76,0,5.17,clear sky
305,Aswan,EG,24.0934,32.907,87.1,25,31,10.69,scattered clouds
306,Havre-Saint-Pierre,CA,50.2334,-63.5986,41.0,81,90,8.05,overcast clouds
307,Victor Harbor,AU,-35.5667,138.6167,53.01,75,60,5.12,broken clouds
308,Yar-Sale,RU,66.8333,70.8333,8.6,99,98,6.29,overcast clouds
309,Talcahuano,CL,-36.7167,-73.1167,57.2,94,90,2.3,overcast clouds
310,Zapolyarnyy,RU,69.4154,30.8136,42.8,52,0,16.11,clear sky
311,Necochea,AR,-38.5473,-58.7368,66.0,74,0,5.99,clear sky
312,Portland,US,45.5234,-122.6762,75.0,17,20,12.66,few clouds
313,Kampot,KH,10.6167,104.1833,80.6,83,20,2.3,few clouds
314,Hohhot,CN,40.8106,111.6522,51.8,62,0,4.47,clear sky
315,Oktyabrskoye,RU,43.0645,44.7417,57.2,94,100,2.24,overcast clouds
316,Hauterive,FR,46.0901,3.4459,48.2,93,75,2.3,broken clouds
317,Bandarbeyla,SO,9.4942,50.8122,81.21,78,99,3.78,overcast clouds
318,Aykhal,RU,66.0,111.5,6.62,95,84,2.35,broken clouds
319,Velizh,RU,55.6056,31.1967,34.88,94,71,2.51,broken clouds
320,Vardo,NO,70.3705,31.1107,44.6,53,0,8.05,clear sky
321,Laon,FR,49.5667,3.6667,42.8,81,0,3.44,clear sky
322,Dannenberg,DE,53.0967,11.09,44.01,60,0,1.01,clear sky
323,Leshukonskoye,RU,64.8989,45.7622,32.43,83,4,4.36,clear sky
324,Ust-Tsilma,RU,65.441,52.1498,29.01,95,10,3.18,clear sky
325,Yulara,AU,-25.2406,130.9889,50.0,62,0,5.75,clear sky
326,Roald,NO,62.5833,6.1333,37.4,93,20,8.05,few clouds
327,Waingapu,ID,-9.6567,120.2641,73.62,73,17,6.31,few clouds
328,Bafra,TR,41.5678,35.9069,53.6,76,75,4.61,broken clouds
329,Sri Aman,MY,1.2376,111.4621,71.6,100,71,0.67,broken clouds
330,Svetlyy,RU,54.675,20.1347,42.01,87,0,6.71,clear sky
331,Cariamanga,EC,-4.3333,-79.55,56.21,93,99,2.73,moderate rain
332,Pacific Grove,US,36.6177,-121.9166,55.99,71,90,17.27,overcast clouds
333,Bambous Virieux,MU,-20.3428,57.7575,78.8,83,75,10.36,light rain
334,Inirida,CO,3.8653,-67.9239,78.13,78,69,3.0,broken clouds
335,San Cristobal,VE,7.7669,-72.225,86.0,62,40,8.05,scattered clouds
336,Adre,TD,13.4667,22.2,79.88,9,8,8.08,clear sky
337,Hailar,CN,49.2,119.7,51.91,40,72,14.03,broken clouds
338,Makaha,US,21.4694,-158.2175,82.4,61,90,10.36,light rain
339,Gaya,IN,24.7833,85.0,82.63,16,64,5.5,broken clouds
340,Yangambi,CD,0.8102,24.4336,68.13,99,95,1.61,overcast clouds
341,Ostersund,SE,63.1792,14.6357,44.6,49,66,8.05,broken clouds
342,Ponta Do Sol,PT,32.6667,-17.1,60.01,65,89,4.0,overcast clouds
343,Cockburn Town,TC,21.4612,-71.1419,80.6,74,40,13.8,scattered clouds
344,Petropavlovsk-Kamchatskiy,RU,53.0452,158.6483,37.4,100,90,4.47,light snow
345,Kibala,TD,9.1104,18.3463,87.8,48,20,5.64,few clouds
346,Karwar,IN,14.8,74.1333,79.77,74,44,4.16,scattered clouds
347,Grindavik,IS,63.8424,-22.4338,35.6,80,75,8.05,broken clouds
348,Mount Gambier,AU,-37.8333,140.7667,44.6,87,90,9.22,overcast clouds
349,Altamira,BR,-3.2033,-52.2064,73.4,97,93,2.39,overcast clouds
350,Chara,RU,56.9064,118.2631,25.21,91,100,4.25,light snow
351,Selfoss,IS,63.9331,-20.9971,30.0,91,59,3.0,broken clouds
352,Norman Wells,CA,65.282,-126.8329,32.0,69,90,19.57,overcast clouds
353,La Orilla,MX,17.9833,-102.2333,82.67,42,70,10.36,broken clouds
354,Sao Luiz Gonzaga,BR,-28.4083,-54.9608,67.89,65,0,9.62,clear sky
355,Atlantic City,US,39.3643,-74.4229,66.2,42,1,13.8,clear sky
356,Atar,MR,20.5169,-13.0499,82.11,14,62,4.85,broken clouds
357,Linjiang,CN,41.8069,126.9078,56.55,43,2,1.99,clear sky
358,Placido De Castro,BR,-10.3353,-67.1856,75.16,95,57,1.92,broken clouds
359,Lazaro Cardenas,MX,17.9583,-102.2,82.62,43,73,10.11,broken clouds
360,Faya,SA,18.3851,42.4509,59.0,54,0,5.12,clear sky
361,Myitkyina,MM,25.3833,97.4,67.03,52,0,2.21,clear sky
362,Chapais,CA,49.7834,-74.8492,24.8,80,90,14.97,light snow
363,Takoradi,GH,4.8845,-1.7554,81.14,81,89,4.94,overcast clouds
364,Akureyri,IS,65.6835,-18.0878,39.2,60,75,13.8,broken clouds
365,Mogoytuy,RU,51.2833,114.9167,49.03,44,1,3.6,clear sky
366,Olafsvik,IS,64.8945,-23.7142,39.38,79,55,10.89,broken clouds
367,Skibbereen,IE,51.55,-9.2667,46.4,100,75,4.61,mist
368,Kalmunai,LK,7.4167,81.8167,78.22,84,76,3.13,broken clouds
369,Parana,AR,-31.732,-60.5238,75.0,71,0,5.01,clear sky
370,Someshwar,IN,13.5,75.0667,77.0,88,40,3.44,scattered clouds
371,Nynashamn,SE,58.9034,17.9479,37.4,52,58,3.44,broken clouds
372,Vanimo,PG,-2.6741,141.3028,80.22,80,100,1.32,overcast clouds
373,Odesskoye,RU,54.2111,72.9651,32.61,50,97,16.2,overcast clouds
374,Nishihara,JP,26.1842,127.7558,71.6,68,75,17.27,broken clouds
375,Tautira,PF,-17.7333,-149.15,80.6,78,75,8.05,light rain
376,Betanzos,ES,43.2804,-8.2147,54.0,100,75,1.14,broken clouds
377,Ca Mau,VN,9.1769,105.15,79.61,82,100,3.51,overcast clouds
378,Pangnirtung,CA,66.1451,-65.7125,17.6,86,75,3.44,broken clouds
379,Sinjar,IQ,36.3209,41.8754,73.54,37,98,1.81,overcast clouds
380,Lumphat,KH,13.4878,106.9816,75.61,91,95,1.72,overcast clouds
381,Mitu,CO,1.1983,-70.1733,75.04,91,94,2.26,overcast clouds
382,Inhambane,MZ,-23.865,35.3833,69.58,86,18,7.14,light rain
383,Kamloops,CA,50.6665,-120.3192,69.01,14,1,3.44,clear sky
384,Jequitinhonha,BR,-16.4339,-41.0033,71.92,96,77,1.19,moderate rain
385,Chabahar,IR,25.2919,60.643,81.66,52,0,5.21,clear sky
386,Koriyama,JP,37.4,140.3833,55.0,66,20,8.05,few clouds
387,Acajutla,SV,13.5928,-89.8275,87.8,55,40,3.44,drizzle
388,Saint Anthony,US,45.0205,-93.218,41.0,33,90,4.61,overcast clouds
389,Turukhansk,RU,65.8167,87.9833,-2.76,99,26,5.28,scattered clouds
390,Vostok,RU,46.4856,135.8833,38.05,27,0,8.66,clear sky
391,Boone,US,39.0334,-92.3335,39.99,67,100,9.4,overcast clouds
392,Kokkola,FI,63.8385,23.1307,42.01,48,0,6.91,clear sky
393,Kenai,US,60.5544,-151.2583,48.2,81,20,10.36,few clouds
394,Hami,CN,42.8,93.45,61.7,28,11,8.5,few clouds
395,Kota Tinggi,MY,1.7381,103.8999,80.6,83,75,3.44,broken clouds
396,Olden,NO,61.8364,6.8064,37.0,95,94,3.53,overcast clouds
397,Cayenne,GF,4.9333,-52.3333,78.01,94,90,7.52,light rain
398,Velingara,SN,13.15,-14.1167,88.16,22,21,7.16,few clouds
399,Barkly West,ZA,-28.5354,24.5215,62.6,51,54,6.91,broken clouds
400,Hervey Bay,AU,-25.2986,152.8535,77.0,64,19,9.22,few clouds
401,Deputatskiy,RU,69.3,139.9,15.55,87,100,1.25,overcast clouds
402,Arauca,CO,7.0847,-70.7591,83.93,46,80,3.4,broken clouds
403,Bonthe,SL,7.5264,-12.505,81.95,81,52,7.05,broken clouds
404,Metu,ET,8.3,35.5833,67.66,44,97,2.57,overcast clouds
405,Nizwa,OM,22.9333,57.5333,76.51,24,0,3.11,clear sky
406,Westfield,US,42.1251,-72.7495,68.0,37,1,12.66,clear sky
407,Oshnaviyeh,IR,37.0397,45.0983,55.4,67,75,6.91,broken clouds
408,Shimoda,JP,34.6667,138.95,62.01,59,3,12.73,clear sky
409,Opuwo,NA,-18.0607,13.84,67.05,37,1,5.46,clear sky
410,Chitral,PK,35.8462,71.7858,46.99,65,77,7.07,broken clouds
411,Alamos,MX,27.0167,-108.9333,91.99,27,0,8.9,clear sky
412,Madimba,TZ,-10.4,40.3333,73.99,92,100,10.47,light rain
413,Coolum Beach,AU,-26.5333,153.1,75.99,76,0,9.46,clear sky
414,Praia Da Vitoria,PT,38.7333,-27.0667,64.4,77,20,7.16,few clouds
415,Moree,AU,-29.4667,149.85,57.2,72,0,1.14,clear sky
416,Ketchikan,US,55.3422,-131.6461,57.2,62,1,12.66,clear sky
417,Puerto Varas,CL,-41.3195,-72.9854,50.0,100,90,2.3,overcast clouds
418,Kamina,CD,-8.7386,24.9906,63.07,94,100,2.71,overcast clouds
419,Heze,CN,35.2431,115.4411,48.2,92,100,10.25,moderate rain
420,Kavieng,PG,-2.5744,150.7967,83.14,74,100,4.97,light rain
421,Alta Floresta,BR,-9.8756,-56.0861,71.83,95,30,2.24,light rain
422,Camara De Lobos,PT,32.6333,-16.9667,64.4,68,40,4.61,scattered clouds
423,Susangerd,IR,31.5608,48.1831,78.8,41,0,4.61,clear sky
424,Iquique,CL,-20.2208,-70.1431,69.8,64,0,21.85,clear sky
425,Saint-Denis,FR,48.9167,2.3333,51.8,66,0,2.3,clear sky
426,Riviere-Au-Renard,CA,48.9957,-64.3971,44.6,76,40,8.05,scattered clouds
427,Razdolnoye,RU,43.55,131.9167,39.2,56,3,0.78,clear sky
428,Lagoa,PT,39.05,-27.9833,61.27,90,100,19.3,overcast clouds
429,Campo Verde,BR,-20.4167,-54.0667,77.0,47,20,4.61,few clouds
430,Alpena,US,45.0617,-83.4327,35.6,48,40,17.27,scattered clouds
431,Namatanai,PG,-3.6667,152.4333,84.0,72,100,8.28,overcast clouds
432,Meulaboh,ID,4.1363,96.1285,76.73,86,90,3.67,overcast clouds
433,Dingle,PH,10.9995,122.6711,79.63,80,100,7.18,overcast clouds
434,Namibe,AO,-15.1961,12.1522,81.05,77,50,1.63,scattered clouds
435,Tarpon Springs,US,28.1461,-82.7568,77.0,78,90,3.44,overcast clouds
436,Arlit,NE,18.7369,7.3853,86.16,7,25,2.73,scattered clouds
437,Yenagoa,NG,4.9247,6.2642,79.05,84,87,3.76,overcast clouds
438,Chumikan,RU,54.7183,135.315,31.1,72,4,15.17,clear sky
439,Kilindoni,TZ,-7.9139,39.6668,79.43,82,100,16.42,moderate rain
440,Dzaoudzi,YT,-12.7887,45.2699,82.4,78,0,14.97,clear sky
441,Dzhebariki-Khaya,RU,62.2167,135.8,18.61,86,100,4.09,overcast clouds
442,Luz,BR,-19.8014,-45.6856,67.48,63,18,5.93,few clouds
443,Rio Gallegos,AR,-51.6226,-69.2181,46.4,61,0,18.41,clear sky
444,Adrar,MR,20.5022,-10.0711,82.87,7,93,8.68,overcast clouds
445,Pinos,MX,22.3,-101.5667,82.4,9,20,8.05,few clouds
446,Domoni,KM,-12.2569,44.5319,79.74,83,86,11.74,light rain
447,Zelenoborskiy,RU,66.845,32.3622,31.59,94,49,5.08,scattered clouds
448,Thunder Bay,CA,48.4001,-89.3168,30.2,47,75,8.05,broken clouds
449,Suining,CN,30.508,105.5733,60.62,89,100,3.8,overcast clouds
450,Pangai,TO,-19.8,-174.35,84.2,70,40,9.22,scattered clouds
451,Lufilufi,WS,-13.8745,-171.5986,89.6,70,75,6.91,broken clouds
452,Marathon,US,44.9,-89.7668,41.0,33,90,8.05,overcast clouds
453,Dhidhdhoo,MV,6.8833,73.1,83.75,71,93,8.9,overcast clouds
454,Llangefni,GB,53.2556,-4.3106,46.99,87,88,8.05,overcast clouds
455,Norilsk,RU,69.3535,88.2027,-9.65,91,70,2.15,broken clouds
456,Berlevag,NO,70.8578,29.0864,41.45,81,85,20.98,overcast clouds
457,Kaduy,RU,59.2,37.15,36.82,95,100,8.43,overcast clouds
458,Nome,US,64.5011,-165.4064,37.0,55,1,4.61,clear sky
459,Narsaq,GL,60.9167,-46.05,37.4,56,75,4.61,broken clouds
460,The Valley,AI,18.217,-63.0578,80.6,74,20,13.8,few clouds
461,Ampanihy,MG,-24.7,44.75,67.42,82,31,11.7,scattered clouds
462,The Pas,CA,53.8251,-101.2541,39.2,45,20,12.66,few clouds
463,Mirnyy,RU,62.5353,113.9611,14.95,86,100,10.07,overcast clouds
464,Garceni,RO,46.7667,27.2833,45.0,93,0,2.3,clear sky
465,Safaga,EG,26.7292,33.9365,78.8,31,0,13.8,clear sky
466,Carnarvon,AU,-24.8667,113.6333,62.6,77,0,8.05,clear sky
467,Guerrero Negro,MX,27.9769,-114.0611,69.33,54,3,16.46,clear sky
468,Penzance,GB,50.1186,-5.5371,46.0,87,0,4.61,clear sky
469,Banda Aceh,ID,5.5577,95.3222,80.33,79,77,7.7,broken clouds
470,Isangel,VU,-19.55,169.2667,84.2,84,75,8.97,broken clouds
471,Chunian,PK,30.964,73.9803,66.33,68,100,7.65,overcast clouds
472,Labuhan,ID,-6.8844,112.2051,75.58,83,68,5.48,broken clouds
473,Wilmington,US,34.2257,-77.9447,69.8,40,1,6.91,clear sky
474,Soure,BR,-0.7167,-48.5233,76.24,86,100,6.64,overcast clouds
475,Sioux Lookout,CA,50.1001,-91.917,28.4,40,75,11.5,broken clouds
476,Santa Marta,CO,11.2408,-74.199,81.7,77,87,15.59,overcast clouds
477,Hay River,CA,60.8156,-115.7999,59.0,29,4,8.05,clear sky
478,Akyab,MM,20.15,92.9,76.57,88,3,5.28,clear sky
479,Gisborne,NZ,-38.6533,178.0042,63.0,95,100,3.0,overcast clouds
480,Bugarama,TZ,-2.8706,30.5281,60.8,96,100,0.38,light rain
481,Seoul,KR,37.5683,126.9778,51.8,87,75,2.3,broken clouds
482,Bereda,ES,43.2686,-7.5406,53.01,91,44,1.99,scattered clouds
483,Ahuimanu,US,21.4447,-157.8378,82.4,57,75,16.11,light rain
484,Cam Ranh,VN,11.9214,109.1591,78.8,89,20,2.3,few clouds
485,Tura,IN,25.5198,90.2201,71.92,84,0,4.76,clear sky
486,Cedar City,US,37.6775,-113.0619,63.0,15,1,3.44,clear sky
487,Ilorin,NG,8.5,4.55,80.15,72,75,7.34,broken clouds
488,Khasan,RU,42.4308,130.6434,49.48,40,16,2.26,few clouds
489,Marica,BR,-22.9194,-42.8186,77.0,65,40,13.8,scattered clouds
490,Viedma,AR,-40.8135,-62.9967,69.89,62,64,16.44,broken clouds
491,Richards Bay,ZA,-28.783,32.0377,66.63,88,80,6.11,broken clouds
492,Yangmei,CN,24.1023,112.5618,64.69,89,100,2.37,overcast clouds
493,Aalst,BE,50.9433,4.0735,50.0,71,98,4.81,overcast clouds
494,Mecca,SA,21.4267,39.8261,86.54,36,57,3.98,broken clouds
495,Maungaturoto,NZ,-36.1,174.3667,66.99,97,7,5.01,clear sky
496,Birao,CF,10.2849,22.7882,86.23,33,75,4.43,broken clouds
497,Malakal,SS,9.5334,31.6605,88.86,29,85,4.36,overcast clouds
498,Marrakesh,MA,31.6315,-8.0083,64.4,59,0,6.91,clear sky
499,Bati,ET,11.1833,40.0167,68.2,42,52,4.81,broken clouds
500,Redlands,US,34.0556,-117.1825,84.2,15,1,13.8,clear sky
501,Husavik,IS,66.0449,-17.3389,39.2,60,75,13.8,broken clouds
502,Buala,SB,-8.145,159.5921,85.41,72,55,5.12,broken clouds
503,Chinsali,ZM,-10.5414,32.0816,62.31,87,100,8.01,overcast clouds
504,Koumac,NC,-20.5667,164.2833,76.69,82,83,4.25,broken clouds
505,Duluth,US,46.7833,-92.1066,37.4,64,90,9.22,overcast clouds
506,Kokstad,ZA,-30.5472,29.4241,50.31,95,70,4.63,broken clouds
507,Rockport,US,28.0206,-97.0544,77.0,60,1,12.66,clear sky
508,Springbok,ZA,-29.6643,17.8865,65.75,37,4,1.97,clear sky
509,Marawi,PH,7.9986,124.2928,78.01,77,92,4.0,overcast clouds
510,Constitucion,CL,-35.3333,-72.4167,58.15,91,100,19.93,light rain
511,Rawson,AR,-43.3002,-65.1023,59.13,86,100,10.33,overcast clouds
512,Mersing,MY,2.4312,103.8405,75.2,94,82,6.91,broken clouds
513,Obzor,BG,42.8167,27.8833,46.4,93,0,2.3,clear sky
514,Kaduqli,SD,11.0167,29.7167,88.07,12,76,2.42,broken clouds
515,Greenville,US,35.6127,-77.3663,69.8,32,1,6.91,clear sky
516,Tual,ID,-5.6667,132.75,82.71,75,82,7.05,broken clouds
517,Chisinau,MD,47.0056,28.8575,41.0,87,0,6.91,clear sky
518,Barcelos,PT,41.5388,-8.6151,57.2,88,75,4.61,broken clouds
519,Dickinson,US,29.4608,-95.0513,80.01,38,1,11.5,clear sky
520,Chililabombwe,ZM,-12.3648,27.8229,60.84,88,100,6.02,overcast clouds
521,Soe,ID,-9.8607,124.284,65.79,90,42,1.83,scattered clouds
522,Ugoofaaru,MV,5.6667,73.0,82.74,75,100,10.94,overcast clouds
523,Snasa,NO,64.2457,12.3778,39.74,97,100,6.4,light rain
524,Shetpe,KZ,44.1667,52.1167,56.46,53,100,27.6,overcast clouds
525,Castrillon,ES,43.3979,-6.7922,51.8,93,90,1.14,overcast clouds
526,Gushikawa,JP,26.3544,127.8686,71.6,68,20,13.8,few clouds
527,Klisura,BG,42.7,24.45,43.0,76,16,3.02,few clouds
528,Ambon,ID,-3.6954,128.1814,81.7,74,96,1.61,overcast clouds
529,Kohlu,PK,29.8962,69.252,57.31,71,59,5.1,broken clouds
530,Saint-Augustin,CA,51.226,-58.6502,42.06,63,87,11.79,overcast clouds
531,Stromness,GB,58.965,-3.296,41.0,75,20,16.11,few clouds
532,Mallapuram,IN,11.9667,78.25,78.22,71,69,2.35,broken clouds
533,Torfyanoy,RU,58.4916,49.1979,31.42,72,1,7.78,clear sky
534,Corn Island,NI,12.1694,-83.0418,81.18,80,74,13.38,broken clouds
535,Jutai,BR,-5.1833,-68.9,73.67,96,71,3.6,broken clouds
536,Floro,NO,61.5996,5.0328,39.2,93,75,8.05,broken clouds
537,Severo-Kurilsk,RU,50.6789,156.125,34.79,95,100,21.07,overcast clouds
538,Saint-Pierre,RE,-21.3393,55.4781,75.2,94,75,10.36,light rain
539,Quatre Cocos,MU,-20.2078,57.7625,78.8,83,75,10.36,light rain
540,Puerto Baquerizo Moreno,EC,-0.9,-89.6,82.4,74,40,14.97,scattered clouds
541,Bend,US,44.0582,-121.3153,60.8,16,1,19.57,clear sky
542,Bandipur,NP,27.9333,84.4167,66.74,22,96,1.77,overcast clouds
543,Klyuchi,RU,52.2667,79.1667,25.88,42,8,6.22,clear sky
544,Aranos,NA,-24.1333,19.1167,64.83,29,0,10.83,clear sky
545,San Policarpo,PH,12.1791,125.5072,77.99,85,100,6.35,overcast clouds
546,Kholmogory,RU,64.2229,41.656,39.2,41,0,6.71,clear sky
547,Latung,PH,5.5,120.8833,81.88,73,100,1.61,overcast clouds
548,Chernyshevskiy,RU,63.0128,112.4714,12.04,92,100,9.22,overcast clouds
549,Sabha,LY,27.0377,14.4283,73.13,20,95,16.98,overcast clouds
550,Burns Lake,CA,54.2331,-125.7533,62.6,19,11,6.91,few clouds
551,Ambanja,MG,-13.6833,48.45,74.23,92,96,5.03,light rain
552,Illapel,CL,-31.6308,-71.1653,62.51,66,26,4.12,scattered clouds
553,Lokosovo,RU,61.1333,74.8167,14.86,95,77,7.2,broken clouds
554,Barra Da Estiva,BR,-13.6261,-41.3269,64.78,92,88,1.92,overcast clouds
555,Pulandian,CN,39.3953,121.9669,50.0,87,98,6.71,mist
556,Itarema,BR,-2.9248,-39.9167,77.36,84,58,7.31,broken clouds
557,Sassandra,CI,4.95,-6.0833,81.0,84,58,5.91,broken clouds
558,Kuching,MY,1.55,110.3333,73.4,100,20,2.53,few clouds
559,Kushiro,JP,42.975,144.3747,41.0,42,75,10.36,broken clouds
560,San Juan Del Sur,NI,11.2529,-85.8705,84.2,74,40,6.91,scattered clouds
561,Kawalu,ID,-7.3817,108.2082,70.2,92,28,1.28,scattered clouds
562,Mugur-Aksy,RU,50.35,90.5,15.82,82,100,6.29,light snow
563,Yibin,CN,28.7667,104.6238,63.79,89,100,1.28,light rain
564,Cabra,ES,37.4725,-4.4421,55.4,71,0,3.44,clear sky
565,Bam,IR,29.106,58.357,74.61,19,0,7.27,clear sky
566,Anadyr,RU,64.75,177.4833,14.0,92,40,2.24,fog
567,Kosh-Agach,RU,50.0,88.6667,20.23,81,95,4.9,overcast clouds
568,Komsomolskiy,UZ,40.4272,71.7189,53.6,87,75,6.91,light rain
569,Kavaratti,IN,10.5669,72.642,83.19,71,87,6.24,overcast clouds
570,Garden City,US,42.3256,-83.331,35.6,93,90,3.44,snow
571,Yuanping,CN,38.7153,112.7575,56.57,51,100,1.9,overcast clouds
572,Cordoba,AR,-31.4135,-64.1811,75.0,78,75,8.05,broken clouds
573,Porto Belo,BR,-27.1578,-48.5531,73.99,78,75,10.36,broken clouds
574,Aleksandro-Nevskiy,RU,53.4751,40.2095,39.0,92,100,7.85,light rain
575,Pflugerville,US,30.4394,-97.62,71.01,37,1,20.71,clear sky
576,Berezovyy,RU,51.6667,135.7,38.88,56,4,3.76,clear sky
577,Itoman,JP,26.1247,127.6694,71.6,68,75,13.8,broken clouds
578,Coahuayana,MX,18.7333,-103.6833,82.4,28,1,17.27,clear sky
579,Port-De-Bouc,FR,43.4,4.9833,55.4,82,0,5.75,clear sky
580,Buta,CD,2.7858,24.73,68.56,97,100,1.03,overcast clouds
581,Bolama,GW,11.5833,-15.4667,77.0,73,0,4.61,clear sky
582,Half Moon Bay,US,37.4636,-122.4286,57.2,82,90,16.11,haze
583,Port Said,EG,31.2565,32.2841,64.4,82,0,11.5,clear sky
584,Lerwick,GB,60.1545,-1.1494,41.0,70,75,17.27,broken clouds
585,Dakar,SN,14.6937,-17.4441,68.0,94,20,9.22,few clouds
586,Guayaramerin,BO,-10.8368,-65.3614,74.62,95,80,1.59,broken clouds
587,Havelock,US,34.8791,-76.9013,68.0,42,1,5.75,clear sky
588,Jieshou,CN,33.2634,115.3611,53.76,98,100,6.87,overcast clouds
589,Oranjemund,NA,-28.55,16.4333,59.97,92,9,3.04,clear sky
590,Magadan,RU,59.5667,150.8,32.88,89,100,20.49,light snow
591,Bardiyah,LY,31.7561,25.0865,58.64,72,2,9.35,clear sky
592,Myra,IT,45.4358,12.1348,54.0,82,0,5.75,clear sky
593,Poya,NC,-21.35,165.15,77.65,74,58,5.59,broken clouds
594,Umba,RU,66.6871,34.3429,34.2,89,5,7.36,clear sky
595,Camacha,PT,33.0833,-16.3333,62.6,77,40,4.61,scattered clouds
596,Umm Lajj,SA,25.0213,37.2685,85.75,35,66,4.72,broken clouds
597,Mingguang,CN,32.7802,117.9638,56.95,88,99,13.42,light rain
598,Ordzhonikidze,KZ,52.4411,61.7408,33.67,51,0,6.33,clear sky
599,Solnechnyy,RU,50.7214,136.6319,40.41,48,3,0.69,clear sky
600,Sol-Iletsk,RU,51.1631,54.9918,34.18,54,91,12.66,overcast clouds
601,Suixi,CN,33.8907,116.7747,52.74,94,100,11.27,overcast clouds
602,Nyurba,RU,63.2842,118.3319,8.29,95,99,3.74,overcast clouds
603,Fallon,US,39.4735,-118.7774,73.4,9,40,11.5,scattered clouds
604,Diourbel,SN,14.6628,-16.3925,78.8,61,43,9.22,scattered clouds
605,Shaunavon,CA,49.6501,-108.4181,39.2,35,63,6.91,broken clouds
606,Jumla,NP,29.2747,82.1838,42.06,93,100,2.59,light rain
607,Kidal,ML,18.4411,1.4078,89.02,6,13,7.63,few clouds
608,Walvis Bay,NA,-22.9575,14.5053,79.0,43,11,1.01,few clouds
609,Zaysan,KZ,47.4667,84.8667,27.18,95,100,2.66,snow
610,Teya,RU,60.3778,92.6267,18.46,95,100,4.29,light snow
611,Nang Rong,TH,14.6377,102.7914,82.99,94,65,6.29,broken clouds
612,Kyshtovka,RU,56.555,76.6271,26.47,91,81,12.35,broken clouds
613,Bosaso,SO,11.2842,49.1816,82.04,68,74,1.9,broken clouds
614,Denpasar,ID,-8.65,115.2167,77.0,83,20,2.3,few clouds
615,Trat,TH,12.5,102.5,80.01,99,37,0.76,scattered clouds
616,Lao Cai,VN,22.4833,103.95,74.44,88,68,1.32,broken clouds
617,Sao Felix Do Xingu,BR,-6.6447,-51.995,73.74,91,82,1.19,broken clouds
618,Jermuk,AM,39.8417,45.6723,47.21,68,86,3.13,overcast clouds
619,Bonfim,BR,3.0833,-59.95,82.99,47,61,6.82,broken clouds
620,Durgapur,IN,23.4833,87.3167,77.29,82,1,4.29,clear sky
621,Eirunepe,BR,-6.6603,-69.8736,74.03,98,92,2.8,moderate rain
622,Palmas,BR,-10.2128,-48.3603,77.0,94,40,3.44,scattered clouds
623,Challans,FR,46.8436,-1.8749,51.8,66,0,3.44,clear sky
624,Byron Bay,AU,-28.65,153.6167,69.01,68,0,8.05,clear sky
625,Sakaiminato,JP,35.55,133.2333,50.0,81,20,2.3,few clouds
626,Mwanza,TZ,-2.5167,32.9,69.8,88,20,9.82,light rain
627,Kamenka,RU,51.3223,42.7678,53.01,90,68,16.84,broken clouds
628,Luderitz,NA,-26.6481,15.1594,69.22,59,8,6.62,clear sky
629,Port Blair,IN,11.6667,92.75,80.04,76,35,2.73,scattered clouds
630,Trenggalek,ID,-8.05,111.7167,72.57,88,28,1.14,scattered clouds
631,Mungaa,TZ,-4.9667,34.8833,56.62,96,100,7.4,overcast clouds
632,Honiara,SB,-9.4333,159.95,86.18,67,80,4.47,broken clouds
633,Nortelandia,BR,-14.4547,-56.8028,73.6,86,10,1.63,clear sky
634,Tatarsk,RU,55.219,75.9828,31.08,79,100,16.26,overcast clouds
635,Edd,ER,13.9297,41.6925,88.12,34,1,13.8,clear sky
636,Chake Chake,TZ,-5.2459,39.7666,76.59,87,97,13.35,overcast clouds
637,Fujin,CN,47.26,132.0322,48.43,25,9,5.61,clear sky
638,Grass Valley,US,39.2191,-121.0611,71.01,35,1,5.75,clear sky
639,Ekhabi,RU,53.5102,142.9671,31.95,98,100,9.08,overcast clouds
640,Srandakan,ID,-7.9386,110.2506,73.54,85,4,4.79,clear sky
641,Hauge,NO,58.3436,6.2812,44.01,88,65,17.85,broken clouds
642,Norfolk,US,42.1668,-71.2495,69.8,37,20,9.22,few clouds
643,Mehamn,NO,71.0357,27.8492,41.09,80,66,18.16,broken clouds
644,Taoudenni,ML,22.6783,-3.9836,85.3,10,34,4.76,scattered clouds
645,Valle Hermoso,MX,25.6667,-97.8333,78.8,53,1,13.8,clear sky
646,Marand,IR,38.4329,45.7749,57.2,54,40,4.61,scattered clouds
647,Khani,GE,41.9563,42.9566,55.4,100,75,5.75,broken clouds
648,Mandalgovi,MN,45.7625,106.2708,50.41,28,98,7.02,overcast clouds
649,Vao,NC,-22.6667,167.4833,73.27,64,33,6.73,scattered clouds
650,Hukuntsi,BW,-24.0,21.75,61.34,33,0,10.22,clear sky
651,Gaoual,GN,11.75,-13.2,85.46,48,46,10.02,scattered clouds
652,Elat,IL,29.5581,34.9482,80.6,50,0,13.8,clear sky
653,Miri,MY,4.4148,114.0089,71.6,100,20,1.14,few clouds
654,Dillon,US,34.4166,-79.3712,69.8,45,1,5.75,clear sky
655,Tarko-Sale,RU,64.9225,77.785,-7.01,82,14,3.89,few clouds
656,Trairi,BR,-3.2778,-39.2689,77.29,84,44,5.66,scattered clouds
657,Iskateley,RU,67.6803,53.1512,28.06,83,29,9.31,scattered clouds
658,Keffi,NG,8.8486,7.8736,79.88,68,98,3.2,overcast clouds
659,Bicas,BR,-21.7253,-43.0594,66.0,74,0,4.0,clear sky
660,Boyabat,TR,41.4689,34.7667,50.94,83,93,1.68,overcast clouds
661,Fuerte Olimpo,PY,-21.0415,-57.8738,80.47,35,6,3.6,clear sky
662,Nakamura,JP,32.9833,132.9333,63.5,43,91,1.95,overcast clouds
663,Kasongo-Lunda,CD,-6.4667,16.8167,69.6,97,98,2.75,overcast clouds
664,North Platte,US,41.1239,-100.7654,44.6,26,1,24.16,clear sky
665,Carahue,CL,-38.7,-73.1667,55.4,100,90,6.91,overcast clouds
666,Baruun-Urt,MN,46.6806,113.2792,55.54,24,94,13.15,overcast clouds
667,Shenzhen,CN,22.5455,114.0683,73.99,76,85,6.78,overcast clouds
668,Dauphin,CA,51.1494,-100.0502,35.6,55,90,4.61,overcast clouds
669,Wad Madani,SD,14.4012,33.5199,92.61,15,3,9.42,clear sky
670,Dunedin,NZ,-45.8742,170.5036,59.59,56,6,0.69,clear sky
671,Yakeshi,CN,49.2833,120.7333,46.6,60,91,4.76,overcast clouds
672,Kosa,RU,59.9445,54.9977,31.59,77,13,1.36,few clouds
673,Yining,CN,29.0361,114.5636,66.88,93,97,1.25,light rain
674,Comodoro Rivadavia,AR,-45.8667,-67.5,50.0,81,0,5.75,clear sky
675,Marovoay,MG,-16.1,46.6333,75.2,83,20,4.61,few clouds
676,Arys,KZ,42.4252,68.795,55.4,88,75,4.47,broken clouds
677,Kuytun,RU,54.3419,101.5036,23.04,49,100,8.9,overcast clouds
678,Kuala Pilah,MY,2.7389,102.2487,77.0,94,20,1.25,few clouds
679,Grafenhainichen,DE,51.7333,12.45,46.99,87,0,8.05,clear sky
680,Sijunjung,ID,-0.6876,100.9537,70.99,98,84,1.12,broken clouds
681,Sibut,CF,5.718,19.0739,73.02,92,100,4.7,light rain
682,Parrita,CR,9.5201,-84.3225,75.2,68,90,9.22,overcast clouds
683,Ilmajoki,FI,62.7333,22.5667,39.0,56,0,5.75,clear sky
684,Sakakah,SA,29.9697,40.2064,78.8,12,0,9.22,clear sky
685,Vagur,FO,61.4732,-6.8119,39.36,55,6,11.03,clear sky
686,Manzhouli,CN,49.6,117.4333,51.87,32,10,5.39,clear sky
687,Payyannur,IN,12.1,75.2,77.22,86,99,6.51,overcast clouds
688,Juneau,US,58.3019,-134.4197,55.4,50,75,12.66,broken clouds
689,Caborca,MX,30.5838,-111.101,91.0,10,73,7.0,broken clouds
690,Inverell,AU,-29.7833,151.1167,64.0,72,0,1.01,clear sky
691,Mastic Beach,US,40.7668,-72.8521,60.01,55,1,12.66,clear sky
692,Kandi,BJ,11.1342,2.9386,85.89,47,69,9.93,broken clouds
693,Mazamari,PE,-11.3258,-74.5308,75.63,88,45,1.16,scattered clouds
694,Naron,ES,43.5167,-8.1528,54.0,100,75,1.14,broken clouds
